topic,min_p,optimal_lag,significant
topic_6,0.00015577046059796792,1,True
topic_3,0.0009618303149050348,1,True
topic_1,0.013399251001114689,4,True
topic_4,0.03252103137784639,4,True
topic_5,0.1380826778650279,4,False
topic_2,0.522645881074189,3,False
