topic,coef
topic_3,3371.674460099283
topic_6,1418.6821540081799
topic_1,905.7479057392874
topic_4,684.3815517101968
topic_2,0.0
topic_5,0.0
